{
  "freq": [
    -2.3333129486985684,
    -1.6488892095046133,
    -0.9644654703106581,
    -0.28004173111670294,
    0.4043820080772522,
    1.0888057472712074,
    1.7732294864651628
  ],
  "pvalue": 0.10471354013058938,
  "statistic": 9.11111111111111
}